key,fare_amount,pickup_datetime,pickup_longitude,pickup_latitude,dropoff_longitude,dropoff_latitude,passenger_count,hour,month,weekday,distance_km
2014-01-15 18:17:32.0000001,15.0,2014-01-15 18:17:32+00:00,-73.990564,40.740867,-73.989157,40.774273,1,18,1,2,3.716467664098881
2009-06-11 21:02:00.00000083,16.1,2009-06-11 21:02:00+00:00,-73.974512,40.763045,-74.010388,40.703155,1,21,6,3,7.31342551621006
2014-02-10 15:08:00.00000058,5.5,2014-02-10 15:08:00+00:00,-73.94705,40.780355,-73.952898,40.779262,1,15,2,0,0.5071765951346767
2009-03-04 19:53:00.000000120,13.3,2009-03-04 19:53:00+00:00,-73.976515,40.790878,-73.97873,40.751453,5,19,3,2,4.387826391683811
2010-04-17 19:57:17.0000003,7.7,2010-04-17 19:57:17+00:00,-73.997837,40.725983,-73.995966,40.744118,1,19,4,5,2.02267258448712
2012-09-14 21:47:05.0000001,16.0,2012-09-14 21:47:05+00:00,-73.992033,40.724823,-74.006488,40.708033,1,21,9,4,2.229287329793716
2009-07-01 14:37:00.000000103,12.5,2009-07-01 14:37:00+00:00,-73.984063,40.725435,-73.995495,40.695155,1,14,7,2,3.502149345146916
2009-11-30 12:19:00.000000177,5.7,2009-11-30 12:19:00+00:00,-73.994222,40.751097,-73.987822,40.765463,1,12,11,0,1.6859264549162178
2009-12-19 13:53:00.000000188,11.3,2009-12-19 13:53:00+00:00,-73.967082,40.803592,-73.937542,40.804227,1,13,12,5,2.487356169803816
2012-08-06 05:45:00.0000001,4.1,2012-08-06 05:45:00+00:00,-73.980915,40.733907,-73.974632,40.742357,6,5,8,0,1.0784537917960102
2013-11-04 18:55:23.0000006,47.5,2013-11-04 18:55:23+00:00,-73.788058,40.643318,-73.997227,40.688567,1,18,11,0,18.345550057882697
2012-04-17 19:21:00.000000161,4.9,2012-04-17 19:21:00+00:00,-73.989715,40.700757,-74.011442,40.714912,1,19,4,1,2.4148160912724315
2011-08-28 15:33:17.0000001,6.9,2011-08-28 15:33:17+00:00,-73.972684,40.780871,-73.989417,40.758801,1,15,8,6,2.8298584185210824
2010-04-24 13:43:00.000000181,6.5,2010-04-24 13:43:00+00:00,-73.976632,40.788098,-73.957288,40.778213,5,13,4,5,1.96487647369635
2014-07-28 18:23:39.0000003,15.0,2014-07-28 18:23:39+00:00,-73.97784,40.777202,-73.982102,40.743148,1,18,7,0,3.80360852990835
2014-02-10 05:52:00.00000017,14.0,2014-02-10 05:52:00+00:00,-73.86566,40.771145,-73.982457,40.756487,1,5,2,0,9.97074793375043
2013-02-16 11:32:00.00000063,8.5,2013-02-16 11:32:00+00:00,-73.976395,40.790852,-73.982162,40.7693,5,11,2,5,2.4451724525996004
2012-03-22 19:52:49.0000001,3.3,2012-03-22 19:52:49+00:00,-73.967408,40.756524,-73.971071,40.751658,1,19,3,3,0.622864457934063
2015-05-19 20:28:36.0000002,17.5,2015-05-19 20:28:36+00:00,-73.99149322509764,40.76023483276367,-73.95315551757811,40.80977630615234,1,20,5,1,6.384741383342328
2013-06-23 14:52:00.00000040,18.0,2013-06-23 14:52:00+00:00,-73.958898,40.774862,-74.00513,40.741482,1,14,6,6,5.379565752515746
2009-12-30 12:53:28.0000003,4.5,2009-12-30 12:53:28+00:00,-73.966732,40.757289,-73.97304,40.748847,1,12,12,2,1.0786562462441223
2010-12-08 19:12:33.0000003,6.1,2010-12-08 19:12:33+00:00,-73.985887,40.762516,-73.983392,40.77764,1,19,12,2,1.6947864743962668
2010-03-22 18:45:20.0000001,6.9,2010-03-22 18:45:20+00:00,-73.956974,40.771277,-73.98214,40.773886,2,18,3,0,2.1389628524325586
2009-01-31 07:28:42.0000001,6.1,2009-01-31 07:28:42+00:00,-73.963164,40.765794,-73.962806,40.765534,1,7,1,5,0.041771313278141015
2012-02-10 12:45:52.0000002,4.1,2012-02-10 12:45:52+00:00,-73.961774,40.767979,-73.967801,40.766029,1,12,2,4,0.5519433295004231
2012-09-28 08:11:00.00000085,18.0,2012-09-28 08:11:00+00:00,-73.969045,40.798617,-73.98522,40.758107,1,8,9,4,4.705901494621134
2010-06-19 18:54:00.000000125,8.1,2010-06-19 18:54:00+00:00,-73.980585,40.742742,-74.004545,40.734205,1,18,6,5,2.2307340650389453
2009-07-28 20:49:35.0000002,4.9,2009-07-28 20:49:35+00:00,-73.956551,40.763179,-73.948944,40.776604,1,20,7,1,1.6244379335722339
2009-09-01 07:40:14.0000001,7.3,2009-09-01 07:40:14+00:00,-74.003786,40.748378,-73.979636,40.763052,1,7,9,1,2.6077115701738833
2011-06-12 22:03:00.00000010,6.9,2011-06-12 22:03:00+00:00,-74.006687,40.742742,-73.982768,40.755642,1,22,6,6,2.4733298952414255
2010-10-29 22:14:00.000000240,24.5,2010-10-29 22:14:00+00:00,-73.776715,40.645213,-73.91078,40.63217,1,22,10,4,11.404758897043552
2011-10-20 14:22:08.0000004,56.7,2011-10-20 14:22:08+00:00,-73.974091,40.756013,-74.177667,40.690358,1,14,10,3,18.644369228642066
2009-02-26 15:47:48.0000001,4.9,2009-02-26 15:47:48+00:00,-73.97101,40.755571,-73.967259,40.760527,1,15,2,3,0.6352220853674769
2013-05-29 10:56:00.000000169,9.5,2013-05-29 10:56:00+00:00,-73.966105,40.761992,-73.967358,40.772135,6,10,5,2,1.132775753117712
2014-07-27 15:25:00.00000030,7.5,2014-07-27 15:25:00+00:00,-73.965075,40.774207,-73.976825,40.758802,1,15,7,6,1.9782368328058082
2011-05-09 09:24:00.000000156,6.1,2011-05-09 09:24:00+00:00,-73.98721,40.760287,-73.97185,40.762777,1,9,5,0,1.3229590946664185
2010-08-21 08:20:34.0000002,4.1,2010-08-21 08:20:34+00:00,-73.981491,40.781107,-73.975782,40.783863,1,8,8,5,0.5700554221527259
2014-03-12 20:39:00.000000180,4.5,2014-03-12 20:39:00+00:00,-73.977365,40.755387,-73.972567,40.75658,1,20,3,2,0.42534957683078295
2013-11-14 08:57:00.00000084,4.0,2013-11-14 08:57:00+00:00,-73.985922,40.740775,-73.989833,40.735582,1,8,11,3,0.6648375366078437
2009-12-28 18:27:22.0000002,6.1,2009-12-28 18:27:22+00:00,-73.987269,40.756335,-74.003802,40.748208,1,18,12,0,1.6601539338137905
2014-06-07 07:37:24.0000002,42.0,2014-06-07 07:37:24+00:00,-73.782159,40.644621,-73.929439,40.763811,1,7,6,5,18.159930797286247
2011-03-25 19:08:00.00000021,7.7,2011-03-25 19:08:00+00:00,-73.989962,40.733308,-73.995828,40.716535,3,19,3,4,1.9294689620967032
2011-03-05 08:22:36.0000001,8.5,2011-03-05 08:22:36+00:00,-73.97155,40.756791,-73.96001,40.768857,2,8,3,5,1.656717399079986
2015-01-18 14:28:57.0000007,9.5,2015-01-18 14:28:57+00:00,-73.97042846679686,40.79402542114258,-73.93995666503906,40.794620513916016,1,14,1,6,2.566006422710584
2011-04-17 04:35:00.00000013,11.3,2011-04-17 04:35:00+00:00,-73.919912,40.743118,-73.853258,40.727278,5,4,4,6,5.885730278375886
2012-06-19 22:26:46.0000002,23.7,2012-06-19 22:26:46+00:00,-73.999502,40.761361,-73.982,40.666458,2,22,6,1,10.65533388862233
2015-04-29 15:31:25.0000001,10.5,2015-04-29 15:31:25+00:00,-73.98741149902342,40.77047729492188,-73.99595642089844,40.76640319824219,1,15,4,2,0.8503254897626916
2014-11-12 12:34:27.0000001,7.5,2014-11-12 12:34:27+00:00,-73.984046,40.780478,-73.967153,40.789351,1,12,11,2,1.7309849922062779
2010-09-18 15:25:00.00000088,9.3,2010-09-18 15:25:00+00:00,-73.983463,40.761038,-74.014703,40.716755,1,15,9,5,5.583343215429873
2009-10-04 20:24:22.0000002,7.7,2009-10-04 20:24:22+00:00,-73.990793,40.770785,-73.959932,40.769951,1,20,10,6,2.6005074629071605
2009-08-23 18:44:54.0000003,5.3,2009-08-23 18:44:54+00:00,-73.985851,40.735097,-73.992319,40.743611,1,18,8,6,1.092346274151666
2012-03-27 13:41:40.0000003,7.7,2012-03-27 13:41:40+00:00,-73.988717,40.749261,-73.980446,40.764953,2,13,3,1,1.878802638262268
2011-03-27 19:58:00.00000062,6.5,2011-03-27 19:58:00+00:00,-73.973807,40.74799,-73.994112,40.746332,1,19,3,6,1.7204197293198393
2012-07-13 16:33:55.0000005,9.3,2012-07-13 16:33:55+00:00,-73.996598,40.723394,-73.990292,40.719119,1,16,7,4,0.7130104407638258
2013-11-27 21:27:00.000000178,7.5,2013-11-27 21:27:00+00:00,-73.984648,40.769415,-73.979755,40.755332,1,21,11,2,1.6192741302905302
2009-02-18 09:54:07.0000004,11.3,2009-02-18 09:54:07+00:00,-74.006467,40.751383,-73.999854,40.720649,1,9,2,2,3.462587837195078
2014-08-05 18:36:47.0000002,12.0,2014-08-05 18:36:47+00:00,-73.987527,40.768595,-73.994588,40.750616,2,18,8,1,2.085756465648255
2010-04-01 17:39:00.000000174,6.1,2010-04-01 17:39:00+00:00,-73.991795,40.750635,-73.98532,40.736403,1,17,4,3,1.6739022454963686
2015-02-11 06:39:58.0000007,7.0,2015-02-11 06:39:58+00:00,-73.98555755615233,40.76834487915039,-73.97431182861328,40.7550048828125,1,6,2,2,1.7599373952655313
2015-05-15 20:20:14.0000008,5.5,2015-05-15 20:20:14+00:00,-73.94847869873048,40.82229232788086,-73.94429779052734,40.81486892700195,1,20,5,4,0.8972957565779476
2009-05-05 18:15:48.0000003,6.9,2009-05-05 18:15:48+00:00,-73.946703,40.776834,-73.96248,40.758155,1,18,5,1,2.465627151158979
2014-04-26 13:37:00.000000176,7.0,2014-04-26 13:37:00+00:00,-73.983067,40.739712,-73.990922,40.725987,1,13,4,5,1.6634865028032724
2012-11-18 15:31:00.00000048,10.0,2012-11-18 15:31:00+00:00,-73.994487,40.726177,-74.001137,40.744707,3,15,11,6,2.1352654741798
2010-04-06 02:42:57.0000001,22.9,2010-04-06 02:42:57+00:00,-73.987454,40.721815,-73.940024,40.720356,2,2,4,1,4.000406828964881
2013-06-19 02:55:33.0000001,31.5,2013-06-19 02:55:33+00:00,-73.782068,40.644713,-73.75091,40.706736,1,2,6,2,7.38024068039071
2013-10-26 20:27:39.0000001,4.0,2013-10-26 20:27:39+00:00,-73.952021,40.777822,-73.957363,40.77029,2,20,10,5,0.9506787200435732
2013-02-13 09:38:49.0000005,11.5,2013-02-13 09:38:49+00:00,-73.98296,40.78197,-73.963495,40.766067,1,9,2,2,2.411143199850345
2011-03-04 16:01:32.0000003,4.5,2011-03-04 16:01:32+00:00,-73.9694,40.761289,-73.960996,40.760479,1,16,3,4,0.7135225355387856
2012-02-20 17:10:08.0000002,6.1,2012-02-20 17:10:08+00:00,-73.962615,40.77866,-73.962869,40.794078,1,17,2,0,1.714536744009018
2015-05-02 18:29:01.0000003,29.5,2015-05-02 18:29:01+00:00,-73.9869384765625,40.739402770996094,-73.87089538574217,40.73394012451172,1,18,5,5,9.795974884019234
2012-05-19 23:03:00.000000103,11.7,2012-05-19 23:03:00+00:00,-73.984927,40.768492,-73.987387,40.733342,2,23,5,5,3.913991044725818
2012-10-27 02:39:00.00000060,5.0,2012-10-27 02:39:00+00:00,-73.990797,40.724355,-74.000062,40.727062,2,2,10,5,0.8367589958801158
2011-08-06 15:06:00.000000112,22.9,2011-08-06 15:06:00+00:00,-74.000025,40.748433,-73.948868,40.676803,1,15,8,5,9.057081420867764
2013-09-23 22:33:08.0000003,21.5,2013-09-23 22:33:08+00:00,-73.971375,40.757018,-73.980012,40.676485,2,22,9,0,8.984397926137635
2013-08-29 10:39:00.000000152,7.5,2013-08-29 10:39:00+00:00,-73.994692,40.741242,-73.978807,40.750407,1,10,8,3,1.6820622191473982
2012-04-06 19:47:00.000000234,5.3,2012-04-06 19:47:00+00:00,-73.996138,40.732647,-73.97796,40.726068,1,19,4,4,1.6974693727132324
2011-09-23 11:47:00.00000029,5.3,2011-09-23 11:47:00+00:00,-73.965872,40.762527,-73.956742,40.76457,1,11,9,4,0.8017861358443548
2010-09-16 05:53:57.0000001,4.1,2010-09-16 05:53:57+00:00,-73.969427,40.801262,-73.995333,40.749522,1,5,9,3,6.1529014535747795
2015-02-01 18:14:58.00000013,13.0,2015-02-01 18:14:58+00:00,-73.99427032470702,40.7541618347168,-73.95467376708984,40.77399063110352,2,18,2,6,3.997791010634175
2011-03-30 15:48:04.0000001,4.1,2011-03-30 15:48:04+00:00,-73.98089,40.774709,-73.982375,40.768243,1,15,3,2,0.7297804229369801
2012-01-09 13:41:00.000000127,6.9,2012-01-09 13:41:00+00:00,-73.99573,40.738772,-73.9788,40.762028,2,13,1,0,2.9531306965343456
2013-09-14 21:59:33.0000005,8.0,2013-09-14 21:59:33+00:00,-73.966043,40.765847,-73.984793,40.758943,2,21,9,5,1.755870934819061
2010-04-14 19:28:00.000000214,8.5,2010-04-14 19:28:00+00:00,-73.979473,40.75935,-73.959953,40.775853,3,19,4,2,2.4636850644576795
2014-08-21 08:00:00.000000106,5.0,2014-08-21 08:00:00+00:00,-73.980458,40.765165,-73.979732,40.756142,2,8,8,3,1.0051733750065197
2010-11-20 18:35:00.00000050,6.1,2010-11-20 18:35:00+00:00,-73.984418,40.745738,-73.979772,40.762548,1,18,11,5,1.9097140958325338
2013-06-21 22:21:48.0000002,5.0,2013-06-21 22:21:48+00:00,-73.964379,40.770387,-73.956153,40.781678,1,22,6,4,1.4339003997059736
2013-07-10 03:56:00.0000006,15.5,2013-07-10 03:56:00+00:00,-74.008487,40.719757,-73.943555,40.709502,1,3,7,2,5.590147918852897
2014-01-28 17:52:00.000000177,57.33,2014-01-28 17:52:00+00:00,-74.001142,40.72537,-73.98125,40.779282,2,17,1,1,6.224509952990012
2012-02-29 06:50:06.0000003,4.5,2012-02-29 06:50:06+00:00,-73.978052,40.752396,-73.984439,40.741021,1,6,2,2,1.3745270734132489
2010-09-22 08:12:00.00000035,7.3,2010-09-22 08:12:00+00:00,-73.988142,40.723843,-74.010053,40.719968,1,8,9,2,1.8961113369655391
2010-04-03 18:13:00.000000230,5.3,2010-04-03 18:13:00+00:00,-73.98831,40.721823,-73.989562,40.734298,5,18,4,5,1.391162817997959
2010-05-29 16:09:00.000000145,49.57,2010-05-29 16:09:00+00:00,-73.789628,40.646618,-73.97279,40.755465,1,16,5,5,19.618746310106154
2014-09-20 00:32:00.000000250,7.5,2014-09-20 00:32:00+00:00,-73.960312,40.761967,-73.95879,40.778287,3,0,9,5,1.819221846738061
2010-05-24 10:46:17.0000002,4.5,2010-05-24 10:46:17+00:00,-73.96459,40.764855,-73.954416,40.769997,1,10,5,0,1.0300639779304712
2013-09-14 08:20:00.00000027,75.25,2013-09-14 08:20:00+00:00,-73.995925,40.764402,-74.18609,40.690827,5,8,9,5,17.9920110373622
2012-08-24 06:57:00.0000004,6.5,2012-08-24 06:57:00+00:00,-73.981677,40.74077,-73.96375,40.766102,2,6,8,4,3.1960198066630667
2010-03-09 10:39:00.00000016,6.9,2010-03-09 10:39:00+00:00,-74.008353,40.721675,-73.99235,40.72392,1,10,3,1,1.3715116563660315
2011-07-12 09:23:00.000000186,10.1,2011-07-12 09:23:00+00:00,-73.958153,40.77362,-73.97249,40.747497,1,9,7,1,3.1457347854780555
2012-08-23 06:11:04.0000001,6.9,2012-08-23 06:11:04+00:00,-73.992628,40.76341,-73.987836,40.740789,1,6,8,3,2.547522929762385
2011-08-07 14:34:35.0000001,9.7,2011-08-07 14:34:35+00:00,-74.005489,40.739081,-73.974498,40.75317,2,14,8,6,3.0447241428833873
2010-04-30 17:04:00.00000022,11.3,2010-04-30 17:04:00+00:00,-73.996487,40.731678,-73.99208,40.710375,5,17,4,4,2.3977238636559783
2013-11-01 14:34:00.00000063,7.5,2013-11-01 14:34:00+00:00,-74.004085,40.74779,-73.980102,40.760493,1,14,11,4,2.4649837527273224
2010-04-26 18:24:00.000000183,11.3,2010-04-26 18:24:00+00:00,-73.968225,40.76569,-73.98682,40.729657,5,18,4,0,4.302011279735057
2013-09-06 09:18:00.0000003,9.0,2013-09-06 09:18:00+00:00,-73.99124,40.755567,-73.97944,40.758167,1,9,9,4,1.0350926975745718
2010-02-14 08:36:53.0000001,6.1,2010-02-14 08:36:53+00:00,-73.991716,40.74414,-74.007368,40.733535,1,8,2,6,1.7690526801170217
2013-01-03 12:02:11.0000002,11.0,2013-01-03 12:02:11+00:00,-73.960249,40.775622,-73.984508,40.76748,1,12,1,3,2.23448028443631
2015-03-18 14:18:03.0000003,13.5,2015-03-18 14:18:03+00:00,-73.97672271728516,40.74801635742188,-73.96807861328125,40.7623176574707,1,14,3,2,1.748990455054814
2012-03-08 09:58:00.00000021,8.9,2012-03-08 09:58:00+00:00,-73.978643,40.740967,-73.970197,40.762232,1,9,3,3,2.4692728105639525
2012-09-15 03:34:34.0000002,28.0,2012-09-15 03:34:34+00:00,-73.969603,40.797803,-73.888872,40.747073,2,3,9,5,8.833824983022241
2013-07-13 20:44:12.0000001,15.5,2013-07-13 20:44:12+00:00,-73.954794,40.764138,-73.991153,40.726235,1,20,7,5,5.210091537328488
2009-02-12 20:09:00.0000001,5.7,2009-02-12 20:09:00+00:00,-73.966787,40.767062,-73.954712,40.783762,5,20,2,3,2.1171016750463103
2009-11-22 07:52:00.00000037,15.7,2009-11-22 07:52:00+00:00,-74.007733,40.705333,-73.990153,40.75746,3,7,11,6,5.982547727935705
2010-02-13 20:10:20.0000002,18.1,2010-02-13 20:10:20+00:00,-74.000112,40.726957,-73.952855,40.735422,1,20,2,5,4.0916697193057985
2009-09-12 02:49:00.00000099,6.9,2009-09-12 02:49:00+00:00,-73.993743,40.720892,-73.983807,40.737837,1,2,9,5,2.0618382369963872
2011-08-16 00:31:00.00000047,15.3,2011-08-16 00:31:00+00:00,-73.997098,40.73149,-73.956737,40.76668,2,0,8,1,5.1837095179519705
2012-01-10 06:29:31.0000001,11.3,2012-01-10 06:29:31+00:00,-73.981882,40.75447,-73.963915,40.798788,1,6,1,1,5.154938095605555
2014-05-23 17:18:00.00000015,4.5,2014-05-23 17:18:00+00:00,-73.96911,40.798552,-73.976505,40.794032,1,17,5,4,0.8000725223208309
2009-02-02 18:08:06.0000003,7.1,2009-02-02 18:08:06+00:00,-73.98123,40.760432,-73.98983,40.738957,1,18,2,0,2.495383629749338
2009-12-19 15:15:43.0000004,5.7,2009-12-19 15:15:43+00:00,-73.952307,40.778254,-73.962754,40.77551,3,15,12,5,0.9310856478266508
2009-03-16 13:54:41.0000002,8.5,2009-03-16 13:54:41+00:00,-73.979311,40.762382,-73.991423,40.750168,1,13,3,0,1.6986204726032594
2010-06-16 12:27:54.0000002,5.3,2010-06-16 12:27:54+00:00,-73.973224,40.763927,-73.977007,40.759253,1,12,6,2,0.609614095890779
2014-11-30 16:36:07.0000003,5.5,2014-11-30 16:36:07+00:00,-73.9605,40.781428,-73.953173,40.77328,1,16,11,6,1.0961281318723366
2010-06-28 13:05:00.00000031,5.3,2010-06-28 13:05:00+00:00,-73.982387,40.763518,-73.98821,40.752452,1,13,6,0,1.32462637249793
2011-03-30 11:51:58.0000004,9.3,2011-03-30 11:51:58+00:00,-73.969035,40.750126,-73.952106,40.780573,1,11,3,2,3.6735071371125616
2014-08-21 06:30:00.00000048,12.0,2014-08-21 06:30:00+00:00,-73.94928,40.781927,-73.98264,40.74345,2,6,8,3,5.118504621612566
2009-01-22 10:45:03.0000002,4.1,2009-01-22 10:45:03+00:00,-73.981681,40.748513,-73.975949,40.761464,1,10,1,3,1.518866055468376
2015-01-21 21:31:49.0000002,5.5,2015-01-21 21:31:49+00:00,-73.98218536376953,40.74577331542969,-73.97352600097656,40.755268096923835,1,21,1,2,1.2832501342359917
2009-06-23 20:47:23.0000004,4.5,2009-06-23 20:47:23+00:00,-73.97684,40.75909,-73.984601,40.748812,1,20,6,1,1.3166214048445262
2009-10-24 17:38:00.000000125,2.5,2009-10-24 17:38:00+00:00,-73.788358,40.647396,-73.79293,40.644957,1,17,10,5,0.471532155378312
2010-03-28 11:53:00.000000109,9.3,2010-03-28 11:53:00+00:00,-73.964495,40.807265,-73.981398,40.77176,5,11,3,6,4.196605015339921
2014-05-30 16:50:00.00000062,38.0,2014-05-30 16:50:00+00:00,-73.873072,40.774112,-73.957627,40.68159,1,16,5,4,12.514350434264244
2013-03-30 23:54:00.00000062,14.5,2013-03-30 23:54:00+00:00,-74.005227,40.740205,-74.007473,40.713107,6,23,3,5,3.0190983120056827
2015-04-08 18:24:34.0000005,7.0,2015-04-08 18:24:34+00:00,-73.97342681884764,40.76198196411133,-73.9705810546875,40.750709533691406,1,18,4,2,1.2761500990565329
2012-11-20 18:18:14.0000002,3.0,2012-11-20 18:18:14+00:00,-73.95949,40.774283,-73.960155,40.773417,1,18,11,1,0.11139317382058153
2012-08-07 08:41:07.0000002,8.1,2012-08-07 08:41:07+00:00,-73.97828,40.763084,-73.984376,40.748056,2,8,8,1,1.7481462477073997
2013-02-04 20:08:13.0000001,4.0,2013-02-04 20:08:13+00:00,-73.983656,40.781273,-73.97864,40.783208,1,20,2,0,0.47398017426219374
2015-01-19 16:01:52.0000001,5.0,2015-01-19 16:01:52+00:00,-73.96149444580078,40.77149200439453,-73.95658111572266,40.78122329711913,1,16,1,0,1.1584654382000377
2009-09-16 12:47:00.00000092,9.3,2009-09-16 12:47:00+00:00,-73.972077,40.752812,-73.973662,40.714938,2,12,9,2,4.213513615876222
2009-06-12 21:38:00.000000136,10.1,2009-06-12 21:38:00+00:00,-73.99985,40.721692,-73.982565,40.757168,2,21,6,4,4.204972963536412
2014-05-31 20:54:28.0000003,7.0,2014-05-31 20:54:28+00:00,-73.959162,40.81475,-73.96977,40.79735,2,20,5,5,2.130862740130491
2011-01-12 09:48:00.00000086,9.7,2011-01-12 09:48:00+00:00,-73.992057,40.747317,-73.974173,40.756595,1,9,1,2,1.825855584602679
2010-10-12 16:15:28.0000001,28.5,2010-10-12 16:15:28+00:00,-73.956233,40.784968,-74.007894,40.712696,1,16,10,1,9.138955223397595
2014-02-20 10:31:00.00000016,18.0,2014-02-20 10:31:00+00:00,-73.971652,40.758237,-74.006685,40.705872,1,10,2,3,6.528224531220464
2013-05-09 08:50:00.00000014,12.5,2013-05-09 08:50:00+00:00,-73.98656,40.739785,-73.968603,40.761422,1,8,5,3,2.8419260683433745
2009-02-25 09:39:00.00000088,4.1,2009-02-25 09:39:00+00:00,-73.998707,40.711975,-73.987702,40.71297,5,9,2,2,0.9341305948221715
2013-12-15 02:58:30.0000005,5.0,2013-12-15 02:58:30+00:00,-73.996268,40.760001,-73.989221,40.763093,1,2,12,6,0.6859095173758488
2015-02-15 09:38:14.0000005,18.0,2015-02-15 09:38:14+00:00,-73.952880859375,40.79850006103516,-73.98417663574217,40.74018096923828,2,9,2,6,6.9998829457314535
2014-04-16 08:06:54.0000003,5.5,2014-04-16 08:06:54+00:00,-73.955065,40.78349,-73.960568,40.776,1,8,4,2,0.953065146170662
2009-10-24 08:17:00.00000010,6.1,2009-10-24 08:17:00+00:00,-73.975275,40.748762,-73.96031,40.76624,1,8,10,5,2.316428513361345
2010-04-03 23:12:00.000000226,7.3,2010-04-03 23:12:00+00:00,-73.98576,40.752248,-73.983713,40.73012,1,23,4,5,2.466557639573358
2013-01-27 04:02:12.0000004,8.0,2013-01-27 04:02:12+00:00,-73.991883,40.726308,-73.992152,40.74386,1,4,1,6,1.951824951543223
2009-08-01 12:36:00.000000138,7.7,2009-08-01 12:36:00+00:00,-73.96641,40.755748,-73.982868,40.765933,1,12,8,5,1.7899781757407283
2010-01-31 00:14:42.0000009,8.5,2010-01-31 00:14:42+00:00,-73.985609,40.727098,-73.961527,40.762697,1,0,1,6,4.4480357138393565
2015-05-30 17:03:17.0000001,11.0,2015-05-30 17:03:17+00:00,-74.0076446533203,40.740814208984375,-73.99391174316406,40.75648880004882,1,17,5,5,2.0919176351584627
2009-12-18 00:18:41.0000002,7.7,2009-12-18 00:18:41+00:00,-74.011911,40.702591,-73.999869,40.723535,2,0,12,4,2.540421716496637
2011-04-17 07:14:51.0000001,21.3,2011-04-17 07:14:51+00:00,-73.979773,40.726985,-73.94565,40.812705,1,7,4,6,9.955369257938901
2015-05-24 22:42:46.0000003,6.5,2015-05-24 22:42:46+00:00,-73.99790954589844,40.76398086547852,-73.9890365600586,40.75669860839844,1,22,5,6,1.1018999996379077
2010-09-23 07:50:05.0000001,29.07,2010-09-23 07:50:05+00:00,-73.986108,40.748561,-73.872805,40.774351,1,7,9,3,9.964285089200335
2015-03-14 01:27:47.0000005,9.0,2015-03-14 01:27:47+00:00,-73.96796417236328,40.6799430847168,-73.95348358154298,40.66128540039063,1,1,3,5,2.4074076792500683
2009-12-19 18:50:00.000000225,8.1,2009-12-19 18:50:00+00:00,-73.981918,40.775785,-73.955927,40.776127,1,18,12,5,2.188889329139015
2014-09-27 15:04:08.0000001,8.5,2014-09-27 15:04:08+00:00,-73.957597,40.774388,-73.975468,40.782051,2,15,9,5,1.7292704053308128
2009-04-11 14:19:56.0000004,7.7,2009-04-11 14:19:56+00:00,-73.991064,40.733328,-73.998015,40.716774,3,14,4,5,1.9316729779526038
2012-04-12 13:54:00.00000087,10.1,2012-04-12 13:54:00+00:00,-73.960297,40.772912,-73.980197,40.754697,2,13,4,3,2.6289167559576967
2010-10-14 02:31:09.0000001,4.5,2010-10-14 02:31:09+00:00,-73.987819,40.73354,-73.975329,40.730081,2,2,10,3,1.1204942920775416
2012-03-11 04:14:00.00000089,28.9,2012-03-11 04:14:00+00:00,-73.967928,40.755957,-73.823355,40.714285,6,4,3,6,13.032739694568091
2013-11-14 00:09:00.000000122,25.0,2013-11-14 00:09:00+00:00,-74.010542,40.710577,-73.95504,40.768952,5,0,11,3,7.99991797137415
2014-07-30 11:10:00.00000010,19.0,2014-07-30 11:10:00+00:00,-74.00776,40.73879,-73.981545,40.746427,5,11,7,2,2.3661637909431614
2014-09-05 20:24:02.0000004,13.0,2014-09-05 20:24:02+00:00,-73.983005,40.760601,-73.947375,40.779478,1,20,9,4,3.661796296454367
2010-05-03 22:39:00.00000053,4.1,2010-05-03 22:39:00+00:00,-73.98777,40.765138,-73.988875,40.758372,1,22,5,0,0.7580791921287094
2009-01-07 19:39:35.0000003,5.5,2009-01-07 19:39:35+00:00,-73.970366,40.788458,-73.979993,40.78062,1,19,1,2,1.1901907898441397
2011-05-23 19:33:00.000000220,5.7,2011-05-23 19:33:00+00:00,-74.00841,40.729668,-74.004825,40.721962,1,19,5,0,0.9085636240058095
2013-04-03 04:41:44.0000001,21.5,2013-04-03 04:41:44+00:00,-74.00547,40.709134,-74.007808,40.649978,1,4,4,2,6.580801052595041
2009-12-02 20:12:00.000000163,4.5,2009-12-02 20:12:00+00:00,-73.996413,40.737173,-73.986083,40.734623,5,20,12,2,0.9153795323890686
2009-10-24 02:25:23.0000003,4.9,2009-10-24 02:25:23+00:00,-73.949962,40.722108,-73.957614,40.714395,2,2,10,5,1.0730532629174385
2014-07-20 19:37:00.000000101,22.0,2014-07-20 19:37:00+00:00,-73.97603,40.759505,-74.014472,40.710907,1,19,7,6,6.300202800516631
2014-08-06 14:12:42.00000010,11.0,2014-08-06 14:12:42+00:00,-73.989467,40.74732,-73.988373,40.76237,1,14,8,2,1.6760187791676595
2009-11-21 02:44:14.0000004,4.1,2009-11-21 02:44:14+00:00,-74.00062,40.735688,-74.000386,40.742627,1,2,11,5,0.7718334218456071
2010-01-05 11:42:00.0000006,9.7,2010-01-05 11:42:00+00:00,-73.953863,40.786748,-73.981388,40.771248,5,11,1,1,2.888234740520273
2011-08-24 23:16:00.000000124,12.1,2011-08-24 23:16:00+00:00,-73.983295,40.768617,-73.955943,40.803635,2,23,8,2,4.5238028327476485
2014-06-28 07:32:00.0000007,4.5,2014-06-28 07:32:00+00:00,-74.00871,40.722035,-74.011127,40.715462,5,7,6,5,0.758738708057275
2012-08-16 08:09:35.0000005,18.9,2012-08-16 08:09:35+00:00,-73.953492,40.767021,-74.013807,40.714819,1,8,8,3,7.71457700620035
2010-06-03 08:27:00.000000184,8.9,2010-06-03 08:27:00+00:00,-73.982137,40.775522,-73.97226,40.759723,1,8,6,3,1.9437371592295443
2015-02-13 08:34:26.0000006,8.5,2015-02-13 08:34:26+00:00,-73.95606231689453,40.77884292602539,-73.96379852294923,40.76805877685546,1,8,2,4,1.3646711981033763
2011-06-30 17:28:00.000000126,7.7,2011-06-30 17:28:00+00:00,-73.957713,40.779612,-73.982802,40.778222,1,17,6,3,2.1181589864717556
2014-02-21 07:21:00.000000157,5.5,2014-02-21 07:21:00+00:00,-73.980253,40.748495,-73.972207,40.755322,1,7,2,4,1.0176571927921338
2014-07-01 10:06:17.0000004,12.0,2014-07-01 10:06:17+00:00,-73.976151,40.759593,-74.000218,40.758408,1,10,7,1,2.0313447457259652
2012-03-13 12:42:00.000000125,7.3,2012-03-13 12:42:00+00:00,-73.963828,40.75701,-73.964175,40.773822,5,12,3,1,1.8696375121470339
2011-04-21 12:18:44.0000003,8.9,2011-04-21 12:18:44+00:00,-73.991563,40.750795,-74.006948,40.717325,1,12,4,3,3.940990783867281
2011-11-09 08:35:00.000000102,5.3,2011-11-09 08:35:00+00:00,-73.991488,40.744125,-73.98676,40.756197,1,8,11,2,1.4001829160743877
2010-04-16 09:38:00.0000007,10.5,2010-04-16 09:38:00+00:00,-73.994025,40.75126,-74.007257,40.728158,4,9,4,4,2.8002937867570474
2012-05-22 12:55:00.000000134,15.7,2012-05-22 12:55:00+00:00,-73.786007,40.641617,-73.73015,40.65105,1,12,5,1,4.827893965108332
2009-04-04 15:57:00.00000021,5.7,2009-04-04 15:57:00+00:00,-73.967988,40.76258,-73.982635,40.766878,1,15,4,5,1.32289571356049
2012-02-24 17:42:47.00000010,3.7,2012-02-24 17:42:47+00:00,-73.994405,40.744868,-73.998012,40.740923,1,17,2,4,0.533635776213651
2011-01-13 08:00:00.000000105,6.1,2011-01-13 08:00:00+00:00,-73.964922,40.765065,-73.977007,40.755878,1,8,1,3,1.442073274679271
2012-05-21 15:20:00.00000017,10.1,2012-05-21 15:20:00+00:00,-73.977788,40.771838,-73.9662,40.778113,2,15,5,0,1.199579684063589
2013-07-14 20:08:17.0000002,11.5,2013-07-14 20:08:17+00:00,-73.986917,40.747062,-74.007458,40.741107,2,20,7,6,1.8528366867719004
2013-03-28 20:38:48.0000002,8.5,2013-03-28 20:38:48+00:00,-74.004063,40.721828,-73.989212,40.72666,1,20,3,3,1.361955016460307
2009-12-24 22:38:00.00000025,14.1,2009-12-24 22:38:00+00:00,-73.977985,40.76434,-74.006782,40.74421,1,22,12,3,3.300590671287469
2014-07-27 20:17:00.000000136,10.0,2014-07-27 20:17:00+00:00,-74.00207,40.739482,-73.976522,40.76519,1,20,7,6,3.5780977574087314
2011-04-02 00:11:36.0000002,9.3,2011-04-02 00:11:36+00:00,-74.016037,40.717417,-73.990087,40.716968,2,0,4,5,2.1876080304415075
2014-09-05 22:16:00.000000233,9.5,2014-09-05 22:16:00+00:00,-73.97229,40.758015,-73.982595,40.735677,1,22,9,4,2.631203506505667
2015-04-08 08:26:01.0000002,8.5,2015-04-08 08:26:01+00:00,-73.9812774658203,40.736454010009766,-73.98902893066406,40.74695587158203,5,8,4,2,1.3379521519058908
2009-03-31 22:04:09.0000005,4.6,2009-03-31 22:04:09+00:00,-73.979395,40.755206,-73.987203,40.756178,1,22,3,1,0.6664910762333766
2010-05-08 15:18:33.0000004,4.1,2010-05-08 15:18:33+00:00,-73.962051,40.767663,-73.956683,40.77509,1,15,5,5,0.9414671804323703
2012-12-08 17:15:00.00000066,7.5,2012-12-08 17:15:00+00:00,-73.95532,40.768835,-73.933642,40.798392,6,17,12,5,3.7593783502877076
2013-03-08 11:05:00.00000085,11.0,2013-03-08 11:05:00+00:00,-73.976967,40.7222,-73.974127,40.750375,3,11,3,4,3.142041673954964
2010-04-21 12:31:04.0000004,4.5,2010-04-21 12:31:04+00:00,-73.947616,40.775377,-73.955628,40.764425,1,12,4,2,1.3922227587180422
2015-06-18 17:02:13.0000003,6.5,2015-06-18 17:02:13+00:00,-73.99578857421875,40.72484970092773,-73.98283386230467,40.730815887451165,1,17,6,3,1.2774109719955762
2012-11-04 02:16:16.0000001,44.5,2012-11-04 02:16:16+00:00,-73.95757,40.708185,-73.839385,40.844653,2,2,11,6,18.146677091263165
2013-01-10 14:52:00.00000023,9.5,2013-01-10 14:52:00+00:00,-74.011427,40.715422,-73.99909,40.738317,2,14,1,3,2.74989119045705
2012-09-17 17:02:00.0000003,7.5,2012-09-17 17:02:00+00:00,-73.978697,40.789965,-73.982178,40.73231,1,17,9,0,6.417643781281043
2010-08-24 07:58:00.00000098,49.57,2010-08-24 07:58:00+00:00,-73.94468,40.775103,-73.796415,40.644603,2,7,8,1,19.150506580653484
2013-05-02 14:43:00.000000157,8.0,2013-05-02 14:43:00+00:00,-73.971135,40.79444,-73.99097,40.750042,2,14,5,3,5.211734859778009
2012-08-26 12:23:14.0000001,10.1,2012-08-26 12:23:14+00:00,-73.983242,40.757412,-73.945884,40.781347,1,12,8,6,4.120773965699941
2012-06-27 10:20:16.0000002,6.5,2012-06-27 10:20:16+00:00,-73.974724,40.742055,-73.98686,40.739385,2,10,6,2,1.064679719856309
2013-02-05 11:15:00.000000109,13.0,2013-02-05 11:15:00+00:00,-73.994667,40.727562,-73.99207,40.74899,6,11,2,1,2.392710189102148
2010-03-09 16:22:00.000000126,8.5,2010-03-09 16:22:00+00:00,-73.974123,40.742968,-73.946765,40.772283,1,16,3,1,3.991906354667879
2009-08-18 19:53:02.0000004,9.3,2009-08-18 19:53:02+00:00,-74.000818,40.757539,-74.010782,40.723603,1,19,8,1,3.865757236263399
2014-02-09 13:46:00.00000076,5.0,2014-02-09 13:46:00+00:00,-73.99747,40.721825,-73.98993,40.734385,1,13,2,6,1.5343388426413505
2013-06-03 09:04:24.0000003,12.0,2013-06-03 09:04:24+00:00,-73.975382,40.759407,-73.991453,40.75011,1,9,6,0,1.7032776353781738
2013-06-13 14:57:24.0000003,14.5,2013-06-13 14:57:24+00:00,-73.97273,40.780815,-73.957705,40.761187,1,14,6,3,2.5227673139401547
2013-06-29 00:38:00.000000192,14.0,2013-06-29 00:38:00+00:00,-73.987265,40.72041,-73.991217,40.743365,1,0,6,5,2.5741092968459265
2011-11-17 05:29:09.0000001,6.1,2011-11-17 05:29:09+00:00,-73.989639,40.756387,-73.974275,40.759427,2,5,11,3,1.3374906417339405
2015-02-23 07:24:09.0000001,9.0,2015-02-23 07:24:09+00:00,-74.00312805175781,40.72322082519531,-73.99246215820312,40.749420166015625,1,7,2,0,3.048689228909183
2010-04-20 21:39:00.000000252,3.7,2010-04-20 21:39:00+00:00,-73.987802,40.752183,-73.985067,40.747572,1,21,4,1,0.5621040816516342
2010-10-24 21:49:00.000000127,5.7,2010-10-24 21:49:00+00:00,-73.988023,40.720002,-73.999853,40.729607,2,21,10,6,1.4609939379994292
2010-05-18 12:05:00.00000036,16.1,2010-05-18 12:05:00+00:00,-73.963997,40.772813,-74.000447,40.727735,1,12,5,1,5.878112257393175
2012-03-17 21:18:40.0000006,12.1,2012-03-17 21:18:40+00:00,-74.000345,40.735433,-73.988237,40.720273,2,21,3,5,1.9704361383778985
2009-10-07 15:02:00.00000098,6.9,2009-10-07 15:02:00+00:00,-73.997303,40.762172,-74.000135,40.751837,5,15,10,2,1.1736944472540487
2009-07-17 19:45:00.00000048,15.3,2009-07-17 19:45:00+00:00,-73.965733,40.774417,-73.998353,40.722832,4,19,7,4,6.360222390656942
2011-11-13 09:30:00.00000089,4.5,2011-11-13 09:30:00+00:00,-74.010477,40.718298,-74.004502,40.725613,1,9,11,6,0.9566335660297383
2014-03-28 19:12:10.0000001,7.5,2014-03-28 19:12:10+00:00,-73.964818,40.7696,-73.98275,40.777211,1,19,3,4,1.7310027382611017
2011-06-04 17:28:10.0000001,3.7,2011-06-04 17:28:10+00:00,-73.991882,40.742466,-73.983116,40.738777,1,17,6,5,0.8448003342405305
2010-10-23 12:25:00.000000167,6.1,2010-10-23 12:25:00+00:00,-73.989922,40.755892,-74.005803,40.74551,1,12,10,5,1.7670030999553121
2011-02-05 14:56:00.00000061,11.7,2011-02-05 14:56:00+00:00,-73.973815,40.76353,-73.997973,40.723898,5,14,2,5,4.8541325154415205
2011-11-24 19:24:16.0000002,7.3,2011-11-24 19:24:16+00:00,-73.952575,40.789432,-73.958014,40.811345,1,19,11,3,2.479251659692008
2011-11-18 21:16:00.000000188,13.7,2011-11-18 21:16:00+00:00,-73.948633,40.781988,-73.990667,40.724575,5,21,11,4,7.300147920006642
2009-03-05 15:59:00.000000143,36.65,2009-03-05 15:59:00+00:00,-74.010938,40.711272,-73.861552,40.768155,1,15,3,3,14.085808229934534
2013-09-24 10:44:58.0000002,18.0,2013-09-24 10:44:58+00:00,-73.956243,40.784681,-73.9735,40.76364,1,10,9,1,2.7542034156090174
2011-10-14 12:02:42.0000003,3.3,2011-10-14 12:02:42+00:00,-73.955858,40.782235,-73.958695,40.777464,1,12,10,4,0.5818099110492743
2010-09-14 16:08:36.0000001,26.67,2010-09-14 16:08:36+00:00,-74.007717,40.732868,-74.00992,40.721618,1,16,9,1,1.2646421766044609
2012-05-06 00:22:00.00000096,6.5,2012-05-06 00:22:00+00:00,-74.000703,40.7421,-73.985685,40.763423,1,0,5,6,2.687372794454116
2015-06-13 06:31:17.0000003,7.0,2015-06-13 06:31:17+00:00,-73.98636627197266,40.76237869262695,-73.98149871826173,40.77921676635742,1,6,6,5,1.916652825911071
2010-07-08 00:00:17.0000001,12.1,2010-07-08 00:00:17+00:00,-73.996905,40.737131,-73.95496,40.773438,1,0,7,3,5.364801825615553
2010-02-11 12:30:55.0000003,9.3,2010-02-11 12:30:55+00:00,-73.947236,40.775776,-73.970612,40.763803,1,12,2,3,2.376475269662281
2013-05-31 19:08:00.00000086,5.5,2013-05-31 19:08:00+00:00,-73.9792,40.761925,-73.982317,40.771332,1,19,5,4,1.0784459945573963
2014-01-09 20:33:39.0000002,4.5,2014-01-09 20:33:39+00:00,-73.973439,40.747985,-73.978338,40.747321,1,20,1,3,0.41924611378109217
2010-04-23 02:04:00.00000074,4.9,2010-04-23 02:04:00+00:00,-73.965518,40.762992,-73.972888,40.75759,5,2,4,4,0.8637826263861823
2010-12-07 22:19:00.000000102,3.7,2010-12-07 22:19:00+00:00,-73.979898,40.765068,-73.975992,40.766357,3,22,12,1,0.35882299256995376
2012-03-25 02:43:00.00000027,8.5,2012-03-25 02:43:00+00:00,-73.9972,40.720122,-73.95375,40.710457,2,2,3,6,3.8164641651931355
2009-09-20 01:13:25.0000002,5.3,2009-09-20 01:13:25+00:00,-73.990036,40.73542,-74.001147,40.743151,1,1,9,6,1.2709449193038445
2009-01-07 18:20:00.00000016,4.1,2009-01-07 18:20:00+00:00,-73.952905,40.78319,-73.951247,40.775927,2,18,1,2,0.8195858878649921
2009-06-06 23:24:00.00000087,16.5,2009-06-06 23:24:00+00:00,-73.988285,40.71994,-73.982342,40.771698,2,23,6,5,5.776962228528039
2013-11-26 12:23:55.0000001,13.0,2013-11-26 12:23:55+00:00,-73.952289,40.783848,-73.974772,40.761869,1,12,11,1,3.0914936373954336
2009-06-20 23:01:00.00000081,20.1,2009-06-20 23:01:00+00:00,-73.954805,40.789188,-74.008287,40.738833,5,23,6,5,7.186055430109449
2010-02-27 16:49:00.000000135,6.5,2010-02-27 16:49:00+00:00,-73.997502,40.683695,-73.978222,40.684452,1,16,2,5,1.627883578313436
2010-01-12 11:06:37.0000004,9.3,2010-01-12 11:06:37+00:00,-73.990031,40.76194,-73.990412,40.741786,1,11,1,1,2.241252344620523
2013-03-17 23:01:56.0000002,7.0,2013-03-17 23:01:56+00:00,-73.968016,40.802384,-73.979163,40.784334,1,23,3,6,2.2156000501874957
2012-05-31 01:56:51.0000001,10.9,2012-05-31 01:56:51+00:00,-73.978993,40.726551,-73.967989,40.766178,1,1,5,3,4.502776326459907
2009-12-24 12:07:35.0000003,9.3,2009-12-24 12:07:35+00:00,-73.98162,40.77852,-73.954428,40.763992,1,12,12,3,2.8023314270717026
2013-01-05 16:29:00.000000182,10.5,2013-01-05 16:29:00+00:00,-73.97927,40.746937,-74.001402,40.728797,1,16,1,5,2.7469317272613574
2015-05-07 14:31:44.0000006,14.0,2015-05-07 14:31:44+00:00,-74.00415802001953,40.74756240844727,-73.98905944824217,40.74774169921875,1,14,5,3,1.27206531168419
2010-02-27 06:20:39.0000001,8.5,2010-02-27 06:20:39+00:00,-74.00736,40.733337,-73.979011,40.757085,1,6,2,5,3.5604287314210588
2012-09-28 09:25:10.0000006,15.5,2012-09-28 09:25:10+00:00,-73.993531,40.762287,-73.961715,40.779839,1,9,9,4,3.3147358182715836
2011-10-04 14:10:00.00000022,7.7,2011-10-04 14:10:00+00:00,-73.997752,40.792515,-74.012835,40.795867,1,14,10,1,1.3232844857088222
2014-06-16 08:00:05.0000004,8.5,2014-06-16 08:00:05+00:00,-73.984433,40.72863,-73.993838,40.741523,1,8,6,0,1.6380655043340258
2010-08-01 18:07:00.00000089,8.5,2010-08-01 18:07:00+00:00,-74.000678,40.725703,-74.006037,40.748603,5,18,8,6,2.5860848397647835
2009-10-22 15:51:00.00000051,13.7,2009-10-22 15:51:00+00:00,-73.964982,40.809267,-73.952445,40.776923,2,15,10,3,3.7481460308443766
2014-09-07 00:30:00.00000054,5.5,2014-09-07 00:30:00+00:00,-73.996735,40.731545,-73.992867,40.725412,2,0,9,6,0.755844832275423
2009-06-18 18:14:00.00000043,4.9,2009-06-18 18:14:00+00:00,-73.967258,40.793203,-73.960643,40.807397,1,18,6,3,1.673639490549275
2012-12-19 08:14:00.00000094,40.8,2012-12-19 08:14:00+00:00,-73.994995,40.760242,-73.861803,40.767355,5,8,12,2,11.24526512436584
2013-12-01 17:48:36.0000005,14.0,2013-12-01 17:48:36+00:00,-74.002983,40.739153,-73.979838,40.761209,1,17,12,6,3.133056020681758
2010-03-20 04:06:00.000000127,6.9,2010-03-20 04:06:00+00:00,-73.988025,40.728876,-73.981246,40.746975,1,4,3,5,2.091993221793681
2009-12-01 09:03:02.0000001,11.7,2009-12-01 09:03:02+00:00,-73.984393,40.754611,-73.973024,40.753007,2,9,12,1,0.9741074688917338
2015-02-01 23:30:10.0000006,6.0,2015-02-01 23:30:10+00:00,-73.99134826660156,40.73510360717773,-74.00453186035155,40.72712326049805,5,23,2,6,1.421779791464692
2009-01-20 18:45:41.0000002,4.3,2009-01-20 18:45:41+00:00,-73.947478,40.783832,-73.947843,40.783687,1,18,1,1,0.034703830028475685
2010-10-24 19:25:00.0000001,5.7,2010-10-24 19:25:00+00:00,-73.989687,40.729825,-73.979112,40.746937,4,19,10,6,2.1010342228173537
2010-12-12 23:59:47.0000005,9.7,2010-12-12 23:59:47+00:00,-73.942232,40.700849,-73.903498,40.691764,1,23,12,6,3.418172287959054
2010-01-26 10:23:06.0000001,6.1,2010-01-26 10:23:06+00:00,-73.990863,40.736789,-73.977498,40.738268,1,10,1,1,1.1379897756908308
2012-07-18 13:56:00.00000070,27.3,2012-07-18 13:56:00+00:00,-73.947992,40.782922,-73.862518,40.768283,5,13,7,2,7.379110695632705
2014-09-03 06:37:25.0000002,4.5,2014-09-03 06:37:25+00:00,-73.948949,40.813411,-73.954121,40.806178,1,6,9,2,0.9145090662487079
2015-06-15 14:12:12.0000005,10.0,2015-06-15 14:12:12+00:00,-73.9532699584961,40.816043853759766,-73.93730926513672,40.80420684814453,1,14,6,0,1.8806375865235188
2012-10-26 12:35:47.0000001,10.5,2012-10-26 12:35:47+00:00,-73.96103,40.777759,-73.961018,40.806714,1,12,10,4,3.2196492594758763
2011-04-05 01:18:32.0000001,5.7,2011-04-05 01:18:32+00:00,-73.977517,40.746531,-73.975567,40.734525,1,1,4,1,1.3450768670318318
2014-01-13 09:07:00.000000171,14.5,2014-01-13 09:07:00+00:00,-74.004197,40.72179,-73.986273,40.753305,2,9,1,0,3.8158536341588625
2013-04-07 12:23:34.0000004,13.5,2013-04-07 12:23:34+00:00,-73.972039,40.765619,-74.004434,40.722733,1,12,4,6,5.494414266258586
2014-03-20 08:50:31.0000004,5.0,2014-03-20 08:50:31+00:00,-74.01668,40.715325,-74.01224,40.719916,1,8,3,3,0.6329524089912683
2010-11-16 07:16:00.00000076,49.57,2010-11-16 07:16:00+00:00,-73.986297,40.76218,-73.782095,40.644293,2,7,11,1,21.636459208445906
2010-06-11 09:19:27.0000004,16.5,2010-06-11 09:19:27+00:00,-73.975077,40.790044,-73.974997,40.741763,1,9,6,4,5.36860648089296
2013-11-08 14:43:00.000000123,21.5,2013-11-08 14:43:00+00:00,-73.99837,40.713542,-73.994467,40.769652,2,14,11,4,6.247806179199799
2009-01-08 17:04:00.0000001,14.5,2009-01-08 17:04:00+00:00,-74.009338,40.710703,-73.98577,40.738278,5,17,1,3,3.6532244882267277
2009-09-21 21:26:17.0000006,4.9,2009-09-21 21:26:17+00:00,-73.987212,40.761224,-73.981802,40.774365,1,21,9,0,1.5305931795664636
2010-05-30 20:19:00.00000021,14.5,2010-05-30 20:19:00+00:00,-74.00763,40.732197,-73.95402,40.770153,1,20,5,6,6.18109778117423
2009-02-09 18:18:09.0000004,11.9,2009-02-09 18:18:09+00:00,-73.971549,40.757881,-73.991862,40.748862,1,18,2,0,1.983269104648767
2010-08-09 12:19:20.0000002,10.1,2010-08-09 12:19:20+00:00,-74.009294,40.702117,-73.985166,40.728047,2,12,8,0,3.5282630720444903
2013-03-27 18:32:00.000000141,8.0,2013-03-27 18:32:00+00:00,-73.991932,40.755902,-74.008243,40.746975,1,18,3,2,1.6950255482567862
2013-11-01 14:31:00.0000002,57.33,2013-11-01 14:31:00+00:00,-73.974757,40.75324,-73.77656,40.645072,2,14,11,4,20.58725648114744
2009-02-04 21:07:00.00000075,7.3,2009-02-04 21:07:00+00:00,-73.958552,40.778427,-73.984125,40.780322,1,21,2,2,2.163536227392644
2013-05-10 10:30:18.0000002,6.5,2013-05-10 10:30:18+00:00,-74.008718,40.737535,-74.008992,40.726024,1,10,5,4,1.2801730028647071
2009-10-13 11:46:25.0000004,7.7,2009-10-13 11:46:25+00:00,-73.977839,40.773635,-73.957992,40.782046,1,11,10,1,1.9150679246264422
2011-04-12 21:01:09.0000006,8.1,2011-04-12 21:01:09+00:00,-73.968731,40.756846,-73.964933,40.752526,1,21,4,1,0.5771401906563047
2014-11-08 20:21:00.000000154,33.83,2014-11-08 20:21:00+00:00,-73.871195,40.773897,-73.962855,40.758392,4,20,11,5,7.909512769732607
2015-03-23 21:28:40.0000003,10.5,2015-03-23 21:28:40+00:00,-73.98170471191406,40.766868591308594,-74.00252532958984,40.734130859375,4,21,3,0,4.04074153906992
2009-08-31 17:42:19.0000006,4.5,2009-08-31 17:42:19+00:00,-74.006868,40.742931,-73.998422,40.755727,1,17,8,0,1.590817770283084
2014-12-01 16:02:10.0000007,5.5,2014-12-01 16:02:10+00:00,-73.977898,40.753364,-73.986787,40.746812,1,16,12,0,1.0447310702655386
2010-11-11 18:29:00.000000104,10.5,2010-11-11 18:29:00+00:00,-73.950615,40.771517,-73.980232,40.738928,1,18,11,3,4.399405718499436
2011-05-16 15:28:00.00000073,6.9,2011-05-16 15:28:00+00:00,-74.006188,40.723618,-73.986502,40.734407,1,15,5,0,2.047174189499272
2014-04-27 16:49:00.00000056,16.5,2014-04-27 16:49:00+00:00,-73.982047,40.75572,-73.991355,40.749922,1,16,4,6,1.0150765338583752
2013-08-27 00:34:00.00000057,7.0,2013-08-27 00:34:00+00:00,-74.011345,40.71505,-74.004052,40.727757,1,0,8,1,1.540837764216581
2013-01-27 23:50:00.00000028,7.5,2013-01-27 23:50:00+00:00,-73.99641,40.759933,-73.97717,40.751832,1,23,1,6,1.8541075555273956
2010-07-12 09:58:00.000000202,10.5,2010-07-12 09:58:00+00:00,-73.983745,40.738297,-73.98966,40.757948,1,9,7,0,2.241184067249983
2012-07-27 07:42:00.00000011,7.7,2012-07-27 07:42:00+00:00,-73.99268,40.743873,-73.97539,40.758297,3,7,7,4,2.166480127617781
2015-05-18 08:16:48.0000002,10.0,2015-05-18 08:16:48+00:00,-73.98128509521484,40.72914505004882,-74.00535583496092,40.727153778076165,1,8,5,0,2.040371958344451
2013-01-15 23:21:00.00000019,18.5,2013-01-15 23:21:00+00:00,-73.9799,40.781277,-73.994072,40.724992,6,23,1,1,6.37143684389237
2011-12-01 23:31:06.0000002,9.3,2011-12-01 23:31:06+00:00,-73.989742,40.752564,-73.963408,40.761763,1,23,12,3,2.4425631048947456
2013-01-30 18:44:47.0000002,14.5,2013-01-30 18:44:47+00:00,-73.970084,40.762469,-74.001762,40.72776,1,18,1,2,4.692254811493126
2015-03-03 15:32:25.0000005,21.5,2015-03-03 15:32:25+00:00,-74.01034545898438,40.7016716003418,-73.97681427001953,40.73931503295898,1,15,3,1,5.050337125158413
2009-11-21 00:08:00.000000289,6.1,2009-11-21 00:08:00+00:00,-73.961065,40.764843,-73.976838,40.743383,5,0,11,5,2.731175267122315
2011-02-26 14:25:00.000000140,8.5,2011-02-26 14:25:00+00:00,-74.001592,40.756545,-73.980667,40.742845,5,14,2,5,2.32973858868803
2012-05-16 10:09:42.0000004,12.1,2012-05-16 10:09:42+00:00,-73.975033,40.757488,-74.005632,40.749206,1,10,5,2,2.7370303311394903
2009-07-28 06:57:00.00000072,6.1,2009-07-28 06:57:00+00:00,-73.980198,40.749077,-73.99956,40.754808,1,6,7,1,1.751033180808339
2012-09-20 18:11:00.000000126,8.0,2012-09-20 18:11:00+00:00,-73.994082,40.746657,-74.002645,40.718512,1,18,9,3,3.2116756354945633
2011-05-05 07:39:28.0000003,10.9,2011-05-05 07:39:28+00:00,-73.969245,40.800731,-73.981173,40.766119,1,7,5,3,3.9775499032187396
2013-07-11 19:10:40.0000003,43.33,2013-07-11 19:10:40+00:00,-73.863592,40.770025,-73.98021,40.785563,1,19,7,3,9.970327682193396
2013-04-22 08:50:20.0000001,33.0,2013-04-22 08:50:20+00:00,-73.87095,40.773599,-73.98734,40.693073,1,8,4,0,13.27967439305554
2009-02-06 11:02:53.0000001,7.7,2009-02-06 11:02:53+00:00,-73.988784,40.752613,-73.982269,40.738552,1,11,2,4,1.6570449567455157
2014-11-11 13:07:54.0000002,7.0,2014-11-11 13:07:54+00:00,-73.990758,40.745474,-73.981608,40.758233,1,13,11,1,1.614579965021695
2010-02-15 11:42:01.0000003,5.3,2010-02-15 11:42:01+00:00,-73.966018,40.753944,-73.957691,40.772681,1,11,2,0,2.198324462371729
2012-07-17 18:53:13.00000013,6.5,2012-07-17 18:53:13+00:00,-73.979695,40.760333,-73.983484,40.771599,1,18,7,1,1.2927244710840438
2012-04-20 23:33:00.00000091,14.1,2012-04-20 23:33:00+00:00,-73.99152,40.75985,-73.990392,40.728877,1,23,4,4,3.445351215294957
2013-01-29 15:50:00.000000168,4.5,2013-01-29 15:50:00+00:00,-73.98185,40.746172,-73.98716,40.738895,6,15,1,1,0.9245925839268941
2009-07-14 14:52:11.0000004,6.1,2009-07-14 14:52:11+00:00,-73.999462,40.731381,-73.998069,40.722587,1,14,7,1,0.9848684720637864
2009-05-06 14:21:00.00000091,50.0,2009-05-06 14:21:00+00:00,-73.845087,40.736652,-73.790448,40.646718,2,14,5,2,11.010248883887266
2013-09-05 06:42:44.0000001,9.0,2013-09-05 06:42:44+00:00,-73.948494,40.778319,-73.948999,40.801791,1,6,9,3,2.6103135564238698
2011-01-07 01:10:18.0000002,12.9,2011-01-07 01:10:18+00:00,-73.980841,40.738065,-73.978448,40.681247,1,1,1,4,6.32109226146309
2012-11-30 19:15:00.00000099,9.0,2012-11-30 19:15:00+00:00,-73.965847,40.762642,-73.993888,40.735397,1,19,11,4,3.841560614825731
2013-03-13 08:33:56.0000004,17.5,2013-03-13 08:33:56+00:00,-74.008423,40.733445,-73.972856,40.760509,1,8,3,2,4.246601213413844
2010-10-09 22:28:30.0000002,8.5,2010-10-09 22:28:30+00:00,-73.991669,40.726723,-73.991013,40.750656,1,22,10,5,2.6618020396715965
2014-12-29 18:35:00.00000041,8.5,2014-12-29 18:35:00+00:00,-73.990962,40.756057,-73.997143,40.742095,5,18,12,0,1.637489974406411
2015-06-08 11:49:00.0000005,32.54,2015-06-08 11:49:00+00:00,-73.9684295654297,40.786529541015625,-73.87358093261719,40.77421188354492,1,11,6,0,8.102750147568445
2010-01-29 14:35:00.000000239,4.5,2010-01-29 14:35:00+00:00,-73.990017,40.738432,-73.986302,40.730673,2,14,1,4,0.9177883269054431
2010-08-27 12:54:00.00000079,4.9,2010-08-27 12:54:00+00:00,-73.987695,40.741585,-73.979193,40.752712,1,12,8,4,1.42961313931581
2015-05-30 10:37:55.0000004,8.5,2015-05-30 10:37:55+00:00,-73.99700164794923,40.72247314453125,-73.97906494140625,40.744388580322266,1,10,5,5,2.8674885837852977
2014-05-20 15:54:38.0000003,12.5,2014-05-20 15:54:38+00:00,-73.963906,40.808177,-73.956799,40.783716,1,15,5,1,2.7849569435538832
2010-11-11 08:13:00.000000136,8.9,2010-11-11 08:13:00+00:00,-73.956523,40.783907,-73.980963,40.78466,1,8,11,3,2.05940262388614
2012-02-16 03:45:00.0000001,3.7,2012-02-16 03:45:00+00:00,-73.99196,40.742467,-73.99617,40.744227,1,3,2,3,0.40508511412630976
2013-02-20 00:28:10.0000002,6.0,2013-02-20 00:28:10+00:00,-73.955886,40.764173,-73.969129,40.759415,1,0,2,2,1.2344769030868643
2009-10-18 11:00:52.0000002,6.1,2009-10-18 11:00:52+00:00,-73.99368,40.76145,-73.997599,40.747497,1,11,10,6,1.5862312834017234
2012-07-28 19:09:00.000000132,6.9,2012-07-28 19:09:00+00:00,-73.98809,40.72813,-74.00354,40.723772,1,19,7,5,1.3891968789330125
2013-10-28 20:09:53.0000002,4.5,2013-10-28 20:09:53+00:00,-73.968526,40.762284,-73.972083,40.756333,1,20,10,0,0.7263808324264487
2013-02-08 15:14:00.000000102,11.5,2013-02-08 15:14:00+00:00,-74.008748,40.719257,-74.002932,40.759487,2,15,2,4,4.500128772765096
2009-07-21 21:07:00.00000050,8.5,2009-07-21 21:07:00+00:00,-73.981278,40.7601,-73.97063,40.78679,1,21,7,1,3.100284192552659
2010-09-13 00:47:00.00000011,3.3,2010-09-13 00:47:00+00:00,-74.00782,40.740478,-73.95949,40.65365,1,0,9,0,10.479350531844062
2011-08-23 10:34:00.000000106,8.5,2011-08-23 10:34:00+00:00,-73.992407,40.768868,-73.968792,40.791113,1,10,8,1,3.1736358863721867
2014-10-08 18:12:00.0000002,9.0,2014-10-08 18:12:00+00:00,-73.962458,40.776527,-73.982275,40.773742,5,18,10,2,1.697192861705008
2009-11-05 22:47:03.0000001,8.1,2009-11-05 22:47:03+00:00,-73.982373,40.76225,-73.962166,40.763759,2,22,11,3,1.7101035810728438
2012-01-18 13:47:11.0000002,8.9,2012-01-18 13:47:11+00:00,-74.016001,40.714712,-74.000092,40.740601,1,13,1,2,3.1755664382330453
2012-12-02 20:33:00.000000126,18.0,2012-12-02 20:33:00+00:00,-73.97648,40.751302,-73.96269,40.81144,1,20,12,6,6.7870928461064235
2010-04-13 10:09:00.0000005,4.9,2010-04-13 10:09:00+00:00,-73.968838,40.752632,-73.974673,40.756112,5,10,4,1,0.6255413197194182
2011-04-05 13:28:42.0000001,6.9,2011-04-05 13:28:42+00:00,-73.972374,40.764498,-73.983673,40.780094,1,13,4,1,1.9780667966758414
2011-01-13 17:27:19.0000002,5.3,2011-01-13 17:27:19+00:00,-73.971429,40.750461,-73.973592,40.757686,1,17,1,3,0.8237836855953256
2010-04-02 21:53:40.0000008,7.7,2010-04-02 21:53:40+00:00,-73.982719,40.739301,-73.974139,40.762189,1,21,4,4,2.6456644994559326
2010-03-06 01:29:11.0000005,6.1,2010-03-06 01:29:11+00:00,-73.977983,40.745526,-73.989552,40.734292,4,1,3,5,1.5844340030828736
2009-06-12 01:46:52.0000001,4.1,2009-06-12 01:46:52+00:00,-73.989464,40.762979,-73.994886,40.754516,2,1,6,4,1.0459987335817844
2009-09-30 18:31:11.0000004,4.9,2009-09-30 18:31:11+00:00,-73.952179,40.772914,-73.962293,40.776185,1,18,9,2,0.9260776648216534
2010-08-07 00:51:00.00000061,7.3,2010-08-07 00:51:00+00:00,-73.990277,40.718077,-73.988425,40.737732,1,0,8,5,2.1911009560841004
2015-02-07 07:39:21.0000002,7.0,2015-02-07 07:39:21+00:00,-73.97833251953125,40.78844833374024,-73.99090576171875,40.77099990844727,1,7,2,5,2.210215502607093
2015-02-21 00:52:26.0000002,6.0,2015-02-21 00:52:26+00:00,-74.00237274169923,40.734390258789055,-73.99141693115233,40.729862213134766,2,0,2,5,1.0515177296971356
2013-10-13 11:50:25.0000004,5.0,2013-10-13 11:50:25+00:00,-73.97128,40.751066,-73.979765,40.742372,1,11,10,6,1.2022846305323318
2009-07-04 01:18:00.00000086,6.1,2009-07-04 01:18:00+00:00,-73.983552,40.743853,-73.991792,40.72668,3,1,7,5,2.031844869472148
2012-12-09 20:37:00.00000067,8.0,2012-12-09 20:37:00+00:00,-74.005447,40.719862,-73.990277,40.74625,2,20,12,6,3.2005328664047084
2009-06-19 12:31:00.00000057,4.1,2009-06-19 12:31:00+00:00,-73.995482,40.749555,-74.000303,40.748213,5,12,6,4,0.43266299492391697
2010-06-28 16:15:00.000000172,13.3,2010-06-28 16:15:00+00:00,-73.970255,40.752792,-74.002422,40.708685,5,16,6,0,5.603606160152809
2012-10-17 14:52:21.0000002,6.0,2012-10-17 14:52:21+00:00,-73.979891,40.786111,-73.967911,40.787396,1,14,10,2,1.0186766005611945
2014-11-10 16:31:00.000000114,5.0,2014-11-10 16:31:00+00:00,-73.991427,40.750167,-74.004152,40.742672,1,16,11,0,1.3578303397655955
2009-10-08 14:33:04.0000001,16.5,2009-10-08 14:33:04+00:00,-73.953919,40.76544,-73.989769,40.756389,1,14,10,3,3.1827276311963053
2013-09-11 06:24:02.0000001,5.0,2013-09-11 06:24:02+00:00,-73.999872,40.719076,-74.00846,40.719169,1,6,9,2,0.7238403424589678
2010-07-09 18:29:00.000000155,9.3,2010-07-09 18:29:00+00:00,-73.982102,40.776558,-73.993648,40.75686,5,18,7,4,2.3964507416499625
2010-11-18 08:54:22.0000003,4.9,2010-11-18 08:54:22+00:00,-73.977295,40.774435,-73.989418,40.769518,1,8,11,3,1.1580633210468327
2014-01-01 00:20:00.000000192,6.0,2014-01-01 00:20:00+00:00,-73.988977,40.743177,-73.98879,40.731387,2,0,1,2,1.3110828556191296
2009-05-24 19:01:00.000000139,6.1,2009-05-24 19:01:00+00:00,-73.99124,40.750068,-74.00783,40.7515,5,19,5,6,1.4065239645945842
2009-03-14 00:18:00.000000216,6.1,2009-03-14 00:18:00+00:00,-73.997547,40.750678,-73.98711,40.761015,2,0,3,5,1.4470667427526218
2013-04-22 09:46:03.0000004,16.0,2013-04-22 09:46:03+00:00,-73.995819,40.759323,-74.002236,40.72423,1,9,4,0,3.939435034170223
2014-12-19 10:54:00.000000159,6.0,2014-12-19 10:54:00+00:00,-73.957128,40.774422,-73.957437,40.785717,2,10,12,4,1.2562161512390417
2013-01-17 18:29:00.000000260,20.0,2013-01-17 18:29:00+00:00,-73.96055,40.778752,-74.003147,40.73299,1,18,1,3,6.226249852261699
2009-04-19 02:50:00.00000089,6.9,2009-04-19 02:50:00+00:00,-73.977537,40.783972,-73.951395,40.786128,4,2,4,6,2.2139903663129625
2012-09-28 23:28:12.0000003,14.5,2012-09-28 23:28:12+00:00,-73.990957,40.750586,-73.950283,40.785383,1,23,9,4,5.167598841727176
2011-06-28 11:47:00.00000042,10.1,2011-06-28 11:47:00+00:00,-73.992538,40.753637,-73.975152,40.76229,1,11,6,1,1.7521891410933217
2014-10-09 08:19:07.0000004,8.0,2014-10-09 08:19:07+00:00,-73.972388,40.745165,-73.972051,40.759078,1,8,10,3,1.5473154315118471
2011-06-17 09:30:00.000000105,7.3,2011-06-17 09:30:00+00:00,-73.98306,40.748235,-73.980627,40.78126,5,9,6,4,3.6779246836637194
2011-03-29 07:31:00.00000099,25.7,2011-03-29 07:31:00+00:00,-73.871212,40.773782,-73.953785,40.77122,1,7,3,1,6.959212275065823
2009-08-08 21:32:00.00000081,10.1,2009-08-08 21:32:00+00:00,-73.985002,40.720415,-73.955297,40.71992,2,21,8,5,2.503998750981009
2011-03-05 17:40:00.000000166,5.3,2011-03-05 17:40:00+00:00,-73.953687,40.790758,-73.968957,40.78588,5,17,3,5,1.3953065369940185
2011-12-08 22:27:19.0000004,7.3,2011-12-08 22:27:19+00:00,-73.9928,40.73,-74.0073,40.7432,1,22,12,3,1.9096805001026187
2011-04-16 15:55:00.00000077,7.3,2011-04-16 15:55:00+00:00,-73.989722,40.744283,-73.971307,40.763548,5,15,4,5,2.644792776611519
2011-10-02 22:56:00.000000135,9.3,2011-10-02 22:56:00+00:00,-73.99883,40.724788,-73.973103,40.751897,5,22,10,6,3.712788845593724
2012-10-04 12:35:00.00000062,9.0,2012-10-04 12:35:00+00:00,-73.94516,40.774287,-73.963005,40.773257,1,12,10,3,1.5070368832672258
2009-03-10 21:51:00.000000136,9.3,2009-03-10 21:51:00+00:00,-74.00571,40.745602,-73.976167,40.789147,1,21,3,1,5.443787001154106
2013-01-22 14:11:00.00000071,8.0,2013-01-22 14:11:00+00:00,-73.96119,40.796547,-73.976615,40.78829,6,14,1,1,1.590333610782285
2010-02-26 19:59:00.00000021,5.3,2010-02-26 19:59:00+00:00,-73.9688,40.764408,-73.978845,40.75055,2,19,2,4,1.7579326517404317
2014-02-07 18:49:50.0000001,5.5,2014-02-07 18:49:50+00:00,-73.962534,40.763337,-73.973189,40.764265,1,18,2,4,0.9032764277077652
2015-01-23 09:21:42.0000008,4.5,2015-01-23 09:21:42+00:00,-73.97527313232422,40.752490997314446,-73.97611236572266,40.74486923217773,1,9,1,4,0.8504451449552787
2012-06-06 16:34:00.000000120,9.3,2012-06-06 16:34:00+00:00,-74.002532,40.744912,-73.981967,40.75749,1,16,6,2,2.226434125892511
2012-02-21 05:51:00.00000029,4.1,2012-02-21 05:51:00+00:00,-73.990048,40.754863,-73.9812,40.750207,1,5,2,1,0.9074776459074396
2012-11-30 23:35:00.000000100,11.5,2012-11-30 23:35:00+00:00,-73.985855,40.75286,-73.972687,40.780707,1,23,11,4,3.289036302059622
2011-03-15 17:28:00.0000008,6.9,2011-03-15 17:28:00+00:00,-73.987467,40.755835,-73.988735,40.737195,5,17,3,1,2.0754241424996938
2009-01-02 17:12:31.0000002,8.7,2009-01-02 17:12:31+00:00,-73.975136,40.790179,-73.957011,40.778353,1,17,1,4,2.0144292362200473
2012-09-12 10:48:33.0000003,5.0,2012-09-12 10:48:33+00:00,-74.006115,40.745072,-73.994677,40.750397,1,10,9,2,1.1309319768818493
2015-05-19 15:22:57.0000004,42.04,2015-05-19 15:22:57+00:00,-73.97244262695312,40.76520919799805,-73.87261962890625,40.77444839477539,2,15,5,1,8.46886421591861
2010-01-10 23:15:50.0000001,5.7,2010-01-10 23:15:50+00:00,-73.978624,40.764411,-73.983882,40.77467,1,23,1,6,1.223670983739032
2014-09-27 19:10:00.000000131,4.5,2014-09-27 19:10:00+00:00,-73.942755,40.746925,-73.944245,40.748932,1,19,9,5,0.25604437888859227
2010-07-18 14:15:32.0000002,15.3,2010-07-18 14:15:32+00:00,-74.008418,40.710081,-73.977302,40.755287,1,14,7,6,5.669337851415127
2009-12-14 20:52:54.0000002,14.5,2009-12-14 20:52:54+00:00,-73.981568,40.780791,-73.976817,40.728894,1,20,12,0,5.784542303337394
2013-06-12 18:40:35.0000006,4.0,2013-06-12 18:40:35+00:00,-73.957706,40.779796,-73.963398,40.775232,1,18,6,2,0.6980399837371487
2010-07-05 23:05:00.000000144,19.7,2010-07-05 23:05:00+00:00,-73.993613,40.747478,-73.957318,40.664605,5,23,7,0,9.709649830250848
2010-04-05 17:40:56.0000003,11.3,2010-04-05 17:40:56+00:00,-74.000412,40.720967,-73.996896,40.737107,1,17,4,0,1.8189764555004075
2013-08-28 23:28:00.000000128,10.5,2013-08-28 23:28:00+00:00,-73.988075,40.759597,-73.980002,40.789785,1,23,8,2,3.424895515558672
2011-03-04 09:39:00.000000161,14.5,2011-03-04 09:39:00+00:00,-73.978433,40.71993,-73.978498,40.75353,2,9,3,4,3.736153549052811
2009-02-13 08:18:00.000000183,3.7,2009-02-13 08:18:00+00:00,-73.983368,40.73446,-73.98993,40.727228,1,8,2,4,0.975910865593393
2013-01-29 09:10:00.00000076,3.5,2013-01-29 09:10:00+00:00,-73.953622,40.76723,-73.952715,40.769147,1,9,1,1,0.2264326493493597
2009-02-17 20:38:00.00000031,13.7,2009-02-17 20:38:00+00:00,-73.988105,40.723808,-73.984423,40.765523,1,20,2,1,4.648856251006442
2014-02-07 09:29:57.0000001,6.0,2014-02-07 09:29:57+00:00,-73.958836,40.780668,-73.952828,40.783164,1,9,2,4,0.5769916341318007
2009-07-03 18:36:55.0000001,9.3,2009-07-03 18:36:55+00:00,-73.987839,40.728477,-73.958067,40.712561,1,18,7,4,3.0703960203141643
2010-06-03 23:44:11.0000004,9.7,2010-06-03 23:44:11+00:00,-73.973766,40.792272,-73.967244,40.763363,1,23,6,3,3.2611061495436564
2010-08-26 23:11:00.000000200,7.3,2010-08-26 23:11:00+00:00,-73.991748,40.72632,-74.004332,40.741533,1,23,8,3,1.9964403038211294
2013-03-14 09:07:00.000000238,3.5,2013-03-14 09:07:00+00:00,-73.99326,40.736787,-73.955237,40.782837,2,9,3,3,6.03951162719084
2009-03-14 04:22:32.0000001,5.0,2009-03-14 04:22:32+00:00,-73.975457,40.78811,-73.980816,40.77481,1,4,3,5,1.546194557531595
2012-12-14 21:44:00.000000147,15.0,2012-12-14 21:44:00+00:00,-73.960927,40.759217,-73.991607,40.74916,1,21,12,4,2.8158237648188393
2009-10-07 16:15:33.0000005,5.3,2009-10-07 16:15:33+00:00,-74.000087,40.74828,-73.996818,40.757195,1,16,10,2,1.0288365665342658
2010-11-18 17:16:10.0000004,7.7,2010-11-18 17:16:10+00:00,-73.885466,40.773174,-73.861739,40.768329,1,17,11,3,2.069432253874247
2011-09-23 01:21:00.00000066,4.9,2011-09-23 01:21:00+00:00,-73.98072,40.779928,-73.968245,40.79733,1,1,9,4,2.2016598252507675
2012-10-03 06:31:00.00000068,22.0,2012-10-03 06:31:00+00:00,-73.776413,40.645137,-73.776412,40.645133,1,6,10,2,0.0004527110545184304
2009-01-06 07:44:00.000000125,9.7,2009-01-06 07:44:00+00:00,-73.957887,40.773227,-73.953457,40.78821,1,7,1,1,1.707277446647684
2011-06-28 08:56:13.0000003,7.7,2011-06-28 08:56:13+00:00,-73.996423,40.723754,-73.983101,40.744851,1,8,6,1,2.6005962280788113
2014-01-31 08:40:00.00000018,42.0,2014-01-31 08:40:00+00:00,-73.964617,40.755877,-74.010572,40.704662,5,8,1,4,6.8866409772159
2014-02-09 13:55:00.0000004,25.0,2014-02-09 13:55:00+00:00,-73.98226,40.76539,-73.96461,40.773077,1,13,2,6,1.7146054526416783
2013-03-16 00:13:00.00000022,7.5,2013-03-16 00:13:00+00:00,-74.00121,40.727645,-73.985328,40.7358,1,0,3,5,1.6165162323031999
2014-03-01 17:56:07.0000003,20.5,2014-03-01 17:56:07+00:00,-73.985606,40.778242,-73.929656,40.865963,1,17,3,5,10.83088161632786
2014-08-26 21:51:14.0000001,12.0,2014-08-26 21:51:14+00:00,-73.96199,40.713291,-73.929178,40.689528,1,21,8,1,3.8252744265626153
2009-04-26 16:14:00.000000108,15.3,2009-04-26 16:14:00+00:00,-73.964458,40.770412,-73.986887,40.729013,1,16,4,6,4.976004872283978
2011-05-27 22:25:01.0000003,6.1,2011-05-27 22:25:01+00:00,-73.987379,40.738881,-74.004862,40.735885,1,22,5,4,1.5102039172274349
2009-04-26 14:26:00.00000096,8.5,2009-04-26 14:26:00+00:00,-74.001138,40.741657,-73.98107,40.759118,1,14,4,6,2.5743711892576275
2010-06-06 16:53:32.0000001,7.7,2010-06-06 16:53:32+00:00,-73.964948,40.759995,-73.987339,40.749798,1,16,6,6,2.2006133429692607
2010-02-16 19:06:37.0000002,5.7,2010-02-16 19:06:37+00:00,-73.989869,40.719761,-74.003459,40.722929,1,19,2,1,1.1982301468776455
2009-02-26 10:08:35.0000003,14.5,2009-02-26 10:08:35+00:00,-73.955851,40.779225,-73.983323,40.731834,1,10,2,3,5.755308937706865
2013-06-10 08:12:50.0000006,12.0,2013-06-10 08:12:50+00:00,-73.976431,40.756531,-74.00737,40.735644,2,8,6,0,3.491034521125411
2010-11-04 08:22:45.0000002,8.9,2010-11-04 08:22:45+00:00,-73.991159,40.749718,-73.973015,40.758869,1,8,11,3,1.8360587219551343
2012-08-13 09:22:45.0000001,22.9,2012-08-13 09:22:45+00:00,-73.885337,40.773011,-73.983544,40.693382,1,9,8,0,12.11905408951515
2009-06-05 10:52:26.0000002,9.3,2009-06-05 10:52:26+00:00,-73.983057,40.744645,-73.992441,40.760954,1,10,6,4,1.9782604386359395
2012-08-29 21:18:00.000000112,5.3,2012-08-29 21:18:00+00:00,-73.982995,40.740517,-73.990865,40.748152,2,21,8,2,1.0771865268545902
2014-09-12 23:51:00.000000217,24.5,2014-09-12 23:51:00+00:00,-74.009357,40.702267,-73.955302,40.777652,4,23,9,4,9.539669740759473
2011-07-12 08:27:00.000000226,7.7,2011-07-12 08:27:00+00:00,-73.977487,40.74605,-73.95736,40.76481,5,8,7,1,2.6880351735306425
2012-07-19 12:01:00.0000004,10.1,2012-07-19 12:01:00+00:00,-73.986183,40.743077,-73.98224,40.758067,1,12,7,3,1.6995830289410134
2014-10-24 15:44:00.000000153,19.0,2014-10-24 15:44:00+00:00,-73.970077,40.765245,-73.983727,40.725815,6,15,10,4,4.532704880350841
2013-01-23 18:55:00.000000145,8.0,2013-01-23 18:55:00+00:00,-73.982927,40.781667,-73.958275,40.779027,1,18,1,2,2.0963273343137234
2011-10-12 09:14:14.0000005,5.7,2011-10-12 09:14:14+00:00,-73.958846,40.780649,-73.95759,40.768299,1,9,10,2,1.377324067806832
2013-05-08 15:44:00.00000026,11.0,2013-05-08 15:44:00+00:00,-73.999117,40.73416,-74.002735,40.71586,6,15,5,2,2.057580965485325
2012-08-17 21:06:01.0000006,6.9,2012-08-17 21:06:01+00:00,-73.981909,40.771595,-73.968188,40.76239,2,21,8,4,1.5436621503226657
2012-09-09 22:49:00.000000132,14.5,2012-09-09 22:49:00+00:00,-73.991302,40.749842,-73.947528,40.775955,1,22,9,6,4.69284358543019
2012-09-19 11:33:09.0000001,8.5,2012-09-19 11:33:09+00:00,-73.987879,40.770054,-73.969945,40.785574,1,11,9,2,2.2931510391235754
2012-10-21 12:05:00.00000064,8.5,2012-10-21 12:05:00+00:00,-73.971628,40.756688,-73.987568,40.763787,1,12,10,6,1.5574066060588183
2013-09-25 10:08:50.0000001,12.0,2013-09-25 10:08:50+00:00,-74.007799,40.71523,-73.975103,40.741545,1,10,9,2,4.019044320190691
2013-05-29 09:09:17.0000001,5.0,2013-05-29 09:09:17+00:00,-73.974106,40.791729,-73.982191,40.783091,1,9,5,2,1.1772354837604977
2013-08-19 14:38:00.00000094,9.5,2013-08-19 14:38:00+00:00,-73.978672,40.782542,-73.95215,40.786337,5,14,8,0,2.2725094265827632
2012-12-02 17:33:00.00000027,8.5,2012-12-02 17:33:00+00:00,-73.985175,40.749682,-73.984272,40.760707,5,17,12,6,1.2282813206995722
2013-04-22 21:23:00.00000061,5.0,2013-04-22 21:23:00+00:00,-73.996342,40.723702,-73.992523,40.730555,1,21,4,0,0.827185850173075
2013-01-05 09:11:10.0000001,5.5,2013-01-05 09:11:10+00:00,-74.005081,40.722863,-74.002285,40.738509,1,9,1,5,1.7556354552681046
2012-07-31 07:11:30.0000002,10.1,2012-07-31 07:11:30+00:00,-73.987102,40.766006,-73.946717,40.775723,1,7,7,1,3.5683723647944476
2010-04-19 11:43:00.000000157,8.9,2010-04-19 11:43:00+00:00,-73.984633,40.77488,-73.99521,40.749798,1,11,4,0,2.9278012548729864
2015-06-19 09:40:16.0000002,12.0,2015-06-19 09:40:16+00:00,-73.988525390625,40.72271728515625,-74.0137176513672,40.714881896972656,1,9,6,4,2.294939643920913
2011-03-17 20:49:36.0000002,11.3,2011-03-17 20:49:36+00:00,-73.971954,40.765999,-74.004444,40.738215,1,20,3,3,4.127303567804976
2010-09-04 14:32:00.000000154,8.1,2010-09-04 14:32:00+00:00,-73.98529,40.727433,-74.006422,40.739217,2,14,9,5,2.210724292636768
2013-05-16 05:49:00.00000045,31.0,2013-05-16 05:49:00+00:00,-74.009715,40.705707,-73.870622,40.773812,5,5,5,3,13.952619495954849
2009-11-17 22:09:01.0000001,3.3,2009-11-17 22:09:01+00:00,-74.007587,40.717617,-74.011553,40.713398,1,22,11,1,0.5760322413507186
2009-03-13 18:22:00.000000231,3.7,2009-03-13 18:22:00+00:00,-73.954727,40.780765,-73.949142,40.77682,1,18,3,4,0.6430959889803936
2013-05-27 20:24:36.0000001,25.0,2013-05-27 20:24:36+00:00,-73.998466,40.729341,-73.922145,40.769083,2,20,5,0,7.8014473258722745
2011-06-09 07:49:11.0000001,13.7,2011-06-09 07:49:11+00:00,-74.007573,40.716239,-73.982162,40.768931,1,7,6,3,6.237936826155641
2013-07-07 16:45:00.000000156,4.0,2013-07-07 16:45:00+00:00,-73.972932,40.780442,-73.980327,40.778102,1,16,7,6,0.6748399222697111
2009-10-08 14:24:00.000000108,28.1,2009-10-08 14:24:00+00:00,-73.963343,40.764435,-73.83342,40.703535,3,14,10,3,12.872211540921278
2010-10-30 22:44:00.000000230,12.1,2010-10-30 22:44:00+00:00,-73.949325,40.781527,-73.984403,40.73318,1,22,10,5,6.134339357333959
2014-05-08 11:42:18.0000001,18.0,2014-05-08 11:42:18+00:00,-73.952708,40.786533,-73.969452,40.751989,1,11,5,3,4.09175499392948
2010-11-09 18:39:00.000000153,6.1,2010-11-09 18:39:00+00:00,-74.007275,40.742668,-73.992087,40.746725,1,18,11,1,1.3566967283189317
2014-02-11 17:32:00.0000005,57.33,2014-02-11 17:32:00+00:00,-73.78188,40.644792,-73.954777,40.820735,1,17,2,1,24.39220613081694
2010-03-19 17:08:38.0000001,7.3,2010-03-19 17:08:38+00:00,-74.001313,40.756889,-73.987387,40.768585,1,17,3,4,1.751286944766815
2013-08-30 08:29:00.0000006,7.5,2013-08-30 08:29:00+00:00,-73.979067,40.744592,-73.973257,40.759327,2,8,8,4,1.7099880605041746
2012-01-12 13:26:20.0000001,16.1,2012-01-12 13:26:20+00:00,-73.995461,40.724897,-73.948748,40.785539,1,13,1,3,7.8070995944001655
2011-10-20 11:04:52.0000003,3.7,2011-10-20 11:04:52+00:00,-73.972827,40.782568,-73.979799,40.78393,1,11,10,3,0.606231164557393
2012-02-24 15:06:00.00000070,4.5,2012-02-24 15:06:00+00:00,-73.971447,40.760157,-73.973762,40.752827,1,15,2,4,0.8380585676668421
2010-09-17 18:23:24.0000002,9.7,2010-09-17 18:23:24+00:00,-74.003277,40.727578,-73.967582,40.756302,1,18,9,4,4.386884815483214
2013-06-21 01:47:00.00000051,31.5,2013-06-21 01:47:00+00:00,-73.994105,40.732432,-73.859842,40.747147,1,1,6,4,11.42942669266002
2015-05-03 17:35:01.0000005,12.0,2015-05-03 17:35:01+00:00,-73.94924926757811,40.773067474365234,-73.97269439697266,40.794166564941406,1,17,5,6,3.0660640813987152
2012-12-06 18:44:46.0000002,8.5,2012-12-06 18:44:46+00:00,-73.977759,40.751585,-73.968952,40.758203,1,18,12,3,1.0449086410944808
2012-11-10 20:49:00.000000225,7.0,2012-11-10 20:49:00+00:00,-73.979045,40.74436,-73.987197,40.732352,1,20,11,5,1.5015198883753917
2011-04-15 07:57:00.00000010,6.1,2011-04-15 07:57:00+00:00,-73.986628,40.776833,-73.974147,40.78557,2,7,4,4,1.43114166979423
2012-09-14 01:03:00.000000143,5.5,2012-09-14 01:03:00+00:00,-73.97827,40.745437,-73.985175,40.74315,5,1,9,4,0.6348663819662694
2010-01-28 11:29:44.0000002,6.5,2010-01-28 11:29:44+00:00,-74.008335,40.721928,-73.993369,40.732565,1,11,1,3,1.7289919823730717
2013-10-02 00:20:00.00000016,21.5,2013-10-02 00:20:00+00:00,-73.993235,40.729762,-73.900893,40.725235,4,0,10,2,7.797544771385042
2012-09-06 10:15:00.00000024,8.0,2012-09-06 10:15:00+00:00,-73.98468,40.769425,-73.988903,40.758447,1,10,9,3,1.2714548122609424
2009-02-22 02:58:57.0000004,20.6,2009-02-22 02:58:57+00:00,-73.955189,40.779334,-73.857879,40.837123,1,2,2,6,10.409939635333059
2013-02-20 19:48:00.00000037,13.0,2013-02-20 19:48:00+00:00,-73.994165,40.75114,-73.96299,40.772547,1,19,2,2,3.5440106453310025
